,AMOUNT,DUE_MORTGAGE,VALUE,REASON,OCC,TJOB,DCL,CLT,CL_COUNT,RATIO,CONVICTED,VAR_1,VAR_2,VAR_3,DEFAULTER
count,3576.0,3258.0,3509.0,3419.0,3403.0,3267.0,3239.0,3389.0,3446.0,2825.0,3576.0,3576.0,3576.0,3576.0,3576.0
mean,18593.59619686801,74028.50753222837,101706.38557138784,0.6905527932143902,1.6667646194534234,8.895301499846951,0.42883606051250384,181.33973702661717,21.161056297156122,33.65030802601596,0.17114093959731544,0.21840044742729306,1.095357941834452,1.6589219158277415,0.1977069351230425
std,10901.127719335329,44716.29177621529,55426.27632801233,0.46233337745374337,1.747940005190705,7.5919608184310485,1.108302475301668,83.48721849247431,10.150044345675587,7.8734960053590655,0.3766847451031178,0.7683292655471823,1.7193658728464123,0.6629309414695165,0.39832558523298073
min,1200.0,1962.0,7980.0,0.0,0.0,0.0,0.0,1.0,0.0,0.730295007,0.0,0.0,0.0,0.045274,0.0
25%,11200.0,46546.75,66395.0,0.0,0.0,3.0,0.0,117.4379076,14.0,29.16169816,0.0,0.0,0.0,1.1844000000000001,0.0
50%,16400.0,65849.5,89569.0,1.0,1.0,7.0,0.0,174.5,20.0,34.64423561,0.0,0.0,0.0,1.7027,0.0
75%,23200.0,91288.0,120159.0,1.0,4.0,13.0,0.0,233.3333333,26.0,38.95891874,0.0,0.0,2.0,2.1884500000000005,0.0
max,89900.0,399449.0,849980.0,1.0,5.0,41.0,15.0,640.0581722999998,71.0,143.959605,1.0,10.0,17.0,2.779,1.0
